"ART","SQM","DISTCENT","LUXURY","UNIVERS","POOL","PRICE","SOLD"
"House",157.23,5.53,1,0,1,613508.57,1
"House",180.76,4.04,1,0,0,734955.41,0
"House",166.1,5.91,0,0,0,647991.15,0
"Attached",118.24,1.83,0,0,0,476448.67,0
"Attached",163.92,6.18,1,1,1,640034.09,1
"Flat",67.35,5.64,0,1,0,256507.94,1
"Flat",74.31,2.36,0,0,1,291539.67,1
"Flat",77.6,3.44,0,1,0,318828.08,1
"Flat",137.22,1.03,0,0,0,554147.01,1
"Flat",133.15,4.97,0,0,1,505975.69,1
"House",193.44,0.85,0,1,0,861522.26,0
"Flat",104.7,6.83,0,1,1,387961.85,0
"Flat",84.28,1.3,0,0,1,347921.47,1
"Attached",61,4.52,0,1,1,241499.17,1
"Flat",133.47,4.13,0,0,0,524593.33,0
"Flat",30.36,4.65,0,1,0,136090.52,0
"Flat",62.26,1.47,0,1,0,283570.5,0
"House",190.72,6.42,1,1,0,777060.03,0
"House",189.69,3.71,0,0,0,767976.47,1
"House",138.53,5.04,0,1,0,561922.82,1
"Attached",95.12,2.86,0,0,0,365113.03,0
"Attached",106.27,5.64,0,0,0,402924.04,0
"Flat",14.58,7.67,0,1,0,17160.28,0
"Flat",55.02,1.82,0,0,0,199759.2,1
"Flat",83.73,6.37,0,1,0,307712.31,0
"Flat",63.53,1.84,0,1,0,266029.99,1
"Flat",84.35,1.57,0,1,1,350760.18,0
"House",139.94,4.68,0,0,0,536700.26,1
"Flat",98.14,2,0,0,1,394553.28,0
"Flat",63.67,7.58,0,1,0,221317.68,0
"Attached",115.97,4.01,1,1,0,451605.32,1
"Flat",112.48,7.8,0,0,0,385530.5,1
"Flat",107.3,7.53,0,0,0,362989.93,1
"Flat",89.5,0.85,0,0,0,355556.5,0
"House",144.87,5.49,0,0,0,590817.14,0
"House",177.49,3.83,1,0,1,742652.71,0
"House",160.79,3.81,1,0,1,648846.03,1
"Attached",92.2,2.22,0,1,0,400526.85,1
"Attached",111.18,4.18,0,0,1,426234.79,0
"Flat",60.82,2.48,0,0,0,219956.13,1
"Flat",78.31,2.75,0,0,0,304288.5,0
"Flat",69.04,4.09,0,1,0,271969.72,1
"Flat",69.5,0.74,0,1,0,323921.5,0
"Flat",83.93,2.43,0,0,0,317928.56,1
"House",116.07,7.57,0,0,0,426762.39,1
"Flat",58.91,5.8,0,0,1,203414.85,0
"Flat",32.89,7.19,1,1,1,87196.32,1
"Attached",157.74,0.67,0,0,0,648738.8,0
"Flat",42.36,0.7,0,0,0,169881.69,1
"Flat",94.51,1.75,1,1,1,411800.55,0
"Flat",101.39,0.99,0,1,0,448475.65,1
"House",186.04,1.39,1,1,0,811107.54,1
"House",168.16,2.59,1,1,0,716127.36,0
"House",200.58,2.97,1,1,1,841139.39,1
"Attached",91.7,5.43,0,1,0,354031.72,0
"Attached",136.44,4.27,1,1,0,570598.77,0
"Flat",72.51,1.26,0,0,0,295093.61,0
"Flat",87.12,1.63,0,0,0,338627.26,0
"Flat",71.67,4.88,0,0,0,252619.28,0
"Flat",107.53,1.8,0,0,0,428704.44,0
"Flat",67.44,4.52,0,0,0,248489.59,1
"House",193.94,3.45,1,0,0,798713.48,0
"Flat",49.46,2.11,0,0,0,199583.52,0
"Flat",88.85,5.6,0,0,1,321270.03,0
"Attached",147.02,1.27,1,1,1,622351.13,1
"Flat",84.1,3.2,0,0,1,329582.15,0
"Flat",88.61,1.13,0,0,1,364800.54,0
"Flat",75.24,5.06,0,0,0,285138.26,0
"House",96.58,3.11,0,0,0,405345.93,1
"House",160.16,1.95,1,0,1,655188.93,1
"House",197.93,4.56,1,0,0,781502.14,1
"Attached",79.99,7.06,0,1,0,302014,0
"Attached",133.12,2.38,1,1,0,580006.33,0
"Flat",86.28,2.25,0,0,0,335336.96,0
"Flat",97.38,2.84,0,0,1,388838.22,0
"Flat",92.33,6.24,0,0,0,334207.7,0
"Flat",79.14,7.13,0,0,0,242871.67,1
"Flat",96.84,1.85,0,1,0,403856.9,0
"House",182.5,4.95,0,1,0,739315.56,0
"Flat",95.03,3.32,0,0,1,373077.07,0
"Flat",89.81,5.13,0,0,0,315992.43,1
"Attached",111.21,1.68,0,0,0,455500.04,1
"Flat",85.71,1.17,0,0,1,357570.41,1
"Flat",76.45,2.1,0,0,0,315463.33,0
"Flat",73.8,3.01,0,1,1,319450.75,0
"House",160.37,1.5,1,1,0,708597.95,0
"House",154.17,3.68,0,1,1,653557.26,1
"House",168.12,5.43,1,1,0,701094.39,0
"Attached",155.8,4.58,1,1,1,647917.85,0
"Attached",102.18,3.47,0,0,0,403325.06,0
"Flat",74.43,6.76,0,0,0,232761.63,1
"Flat",29.52,3.45,0,1,0,113829.03,1
"Flat",44.56,0.76,0,1,1,215383.65,0
"Flat",80.65,3.66,0,0,0,299061.84,1
"Flat",19.77,5.92,0,0,0,63757.56,0
"House",159.92,5.33,1,1,0,673829.28,0
"Flat",101.87,0.95,0,1,0,446106.3,0
"Flat",96.98,2.57,1,0,1,396488.58,0
"Attached",91.24,5.18,0,0,0,340802.02,1
"Flat",72.26,7.68,0,0,0,216447.59,1
"Flat",73.61,3.45,0,1,1,303613,1
"Flat",67.24,2.5,0,0,1,252669.08,0
"House",177.99,7.38,1,1,0,702581.56,1
"House",159.31,6.87,0,1,0,647345.24,0
"House",171.08,2.98,1,0,0,698705.74,0
"Attached",137.64,6.34,0,0,0,510510.46,0
"Attached",149.89,5.14,0,1,1,601379.23,0
"Flat",84.49,7.51,0,0,1,284555.03,1
"Flat",83.56,4.79,0,0,0,303613.78,0
"Flat",102.72,6.28,0,1,0,395120.66,0
"Flat",93.25,6.88,0,0,0,313763.09,0
"Flat",73.55,3.02,0,1,1,307857.34,1
"House",180.4,4.61,0,0,0,724287.05,1
"Flat",67.43,4.77,0,1,0,271104.13,1
"Flat",97.72,2,0,0,0,397893.01,0
"Attached",141.29,4.17,1,1,1,590869.35,0
"Flat",67.88,5.55,0,1,0,247118.31,1
"Flat",83.17,2.98,0,0,0,324832.35,0
"Flat",55.78,5.87,0,0,0,174262.78,1
"House",142.82,2.24,1,0,1,598769.84,0
"House",124.22,0.69,0,0,1,547430.89,0
"House",185.64,5.93,0,0,1,717919.69,1
"Attached",112.67,6.04,0,1,0,430433.39,1
"Attached",115.89,2.2,0,0,0,473794.28,0
"Flat",93.5,3.83,0,0,0,352218.24,0
"Flat",87.74,1.64,0,1,0,372401.11,0
"Flat",53.94,3.09,0,1,0,212201.4,1
"Flat",56.92,2.09,0,1,0,256385.33,0
"Flat",95.87,0.79,0,1,1,396088.03,1
"House",158.69,3.24,0,1,1,691401.8,1
"Flat",41.68,2.03,0,0,1,152306.94,1
"Flat",68.82,1.47,0,0,0,285223.81,0
"Attached",98.09,7.47,0,0,0,349811.17,1
"Flat",91.14,0.64,0,1,0,384673.95,1
"Flat",90.38,2.42,0,0,0,330623,1
"Flat",95.02,2.52,0,0,0,377411.85,0
"House",202.03,2.27,1,0,1,848989.46,0
"House",151.26,5.17,0,1,0,630909.77,1
"House",202.53,6.63,0,0,1,780846.21,0
"Attached",82.1,3.19,0,0,0,320140.2,0
"Attached",74.67,5.07,0,0,0,284234.06,1
"Flat",54.03,4.86,0,0,1,160960.63,1
"Flat",63.89,7.79,0,0,0,198673.25,0
"Flat",69.72,0.94,0,1,0,300077.33,1
"Flat",49.7,3.52,0,1,0,209115.33,0
"Flat",76.84,6.54,0,1,0,287128.33,1
"House",157.17,5.51,0,1,0,624322.42,1
"Flat",58.03,1.62,0,0,0,222315.11,0
"Flat",81.04,3.37,0,1,0,330040.02,1
"Attached",47.6,2.57,0,0,0,183521.12,1
"Flat",64.47,3.27,0,0,0,235996.05,0
"Flat",41.94,0.84,0,0,0,162509.29,0
"Flat",69.63,4.76,1,0,0,231574.77,1
"House",122.8,3.27,0,0,0,488027.48,1
"House",174.09,5.12,0,1,0,733047.76,0
"House",145.82,6.04,0,1,0,602163.25,0
"Attached",150.05,5.55,1,0,0,562345.94,1
"Attached",106.78,0.68,0,1,0,467507.21,1
"Flat",67.61,0.78,0,0,0,296108.31,0
"Flat",90.93,0.91,0,1,0,394914.06,1
"Flat",25.41,6.58,0,1,0,97097.02,0
"Flat",80.19,5.81,0,1,0,318915.29,0
"Flat",98.31,0.72,0,0,0,401279.77,1
"House",175.86,3.38,0,0,0,719397.52,0
"Flat",77.85,2.87,0,0,1,306966.14,0
"Flat",74.21,1.03,0,0,0,288654.37,1
"Attached",134.84,4.27,0,0,0,539878.61,0
"Flat",91.17,1.52,0,1,1,390829.11,0
"Flat",91.08,6.99,0,0,0,307575.33,1
"Flat",48.15,0.89,0,1,0,218330.91,1
"House",130.8,1.53,0,1,0,571628.23,0
"House",214.5,0.97,1,0,1,901145.6,0
"House",130.16,3.78,0,1,0,571132.29,0
"Attached",95.73,3.99,0,1,1,403844.43,0
"Attached",76.94,5.95,0,1,1,307589.02,0
"Flat",46.92,7.51,0,1,0,160736.45,0
"Flat",76.12,7.7,0,0,0,219417.55,1
"Flat",51.47,5.1,0,0,0,182228.09,0
"Flat",70.05,1.9,0,0,0,284528.97,0
"Flat",127.18,7.62,0,1,1,465884.44,1
"House",157.74,1.98,0,0,0,656964.61,0
"Flat",72.84,7.46,0,0,0,211261.56,1
"Flat",110.34,7.83,0,1,0,420651.99,0
"Attached",94.46,4.49,0,1,0,390282.82,1
"Flat",95.9,1.34,0,1,0,414083.91,1
"Flat",49.62,0.86,1,0,0,226154.09,0
"Flat",37.1,0.99,0,0,0,145013.3,1
"House",145.57,5.08,1,1,0,595827.99,0
"House",170.86,2.68,0,0,0,705283.92,0
"House",151.91,3.01,0,1,0,639971.64,0
"Attached",147.09,6.5,1,1,1,572667.1,1
"Attached",109.88,5.26,0,0,0,419568.17,0
"Flat",43.04,1.2,1,0,1,177963.08,0
"Flat",57.29,2.17,0,0,0,219030.16,0
"Flat",82.95,0.91,0,0,0,342520.58,0
"Flat",101.93,1.77,0,0,1,397650.98,0
"Flat",42.06,7.75,0,1,0,138682.42,0
"House",152.36,2.67,0,0,1,625398.52,1
"Flat",79.16,2.18,0,0,0,325357.3,1
"Flat",85.5,0.77,0,1,0,381176.73,0
"Attached",80.96,3.7,0,1,0,321361.79,1
"Flat",72.49,1.19,0,0,0,284888.2,1
"Flat",71.73,2.96,0,1,0,298915.15,0
"Flat",82.22,2.61,1,0,1,329272.69,1
"House",174.38,5.66,1,0,0,703568.61,0
"House",151.09,4.1,0,0,1,615453.34,0
"House",214.15,2.56,1,0,1,879273.43,0
"Attached",132.55,2.09,1,1,0,561824.29,1
"Attached",137.45,2.48,1,0,0,568090.19,0
"Flat",75.4,6.01,0,0,1,246011.35,1
"Flat",81.86,3.89,0,0,0,304073.01,0
"Flat",50.93,5.1,0,0,0,162345.87,1
"Flat",62.38,0.81,0,0,1,255633.34,0
"Flat",57.88,2.48,0,0,0,204706.7,1
"House",139.34,2.15,0,0,1,590035.52,1
"Flat",81.81,2.98,0,1,0,312395.79,1
"Flat",88.3,6.53,0,0,0,273068.96,1
"Attached",88.07,3.07,0,1,0,374810.41,0
"Flat",88.64,6.86,0,1,0,339700.6,0
"Flat",80.6,7.6,0,0,1,256101.83,1
"Flat",53.97,1.14,0,1,0,268313,0
"House",121.56,0.77,0,0,0,546249.4,0
"House",162.73,0.68,1,1,1,720319.48,1
"House",144.58,2.18,1,0,1,605858.79,0
"Attached",87.47,0.91,0,0,0,379950.59,0
"Attached",62.51,5.02,0,1,0,254324.65,0
"Flat",33.69,3.91,0,1,0,136619.23,1
"Flat",95.28,6.7,0,0,1,332306.46,0
"Flat",76.79,5.2,0,0,0,275154.98,0
"Flat",104.06,1.05,0,0,1,426165.13,0
"Flat",77.2,6.46,0,1,0,283389.59,1
"House",177.51,5.76,1,1,0,728008.38,0
"Flat",83.46,1.84,0,1,1,347588.14,1
"Flat",59.31,4.98,0,1,0,234758.22,1
"Attached",106.28,4.27,0,1,0,438247.57,0
"Flat",43.33,0.84,0,1,1,206734.43,1
"Flat",79.2,4.49,0,1,0,318809.04,0
"Flat",102.89,0.94,1,0,1,410705.27,0
"House",172.17,6.1,0,0,0,692005.72,0
"House",149.65,1.05,0,1,0,669296.82,0
"House",159.03,6.9,0,0,0,604187.55,1
"Attached",125.3,0.83,1,1,0,523495.77,1
"Attached",134.02,3.02,1,0,1,522994.85,1
"Flat",159.02,3.58,0,0,1,603505.53,1
"Flat",98.73,5.49,0,1,0,383967.73,0
"Flat",83.8,6.78,0,1,0,313658.71,0
"Flat",63.2,2.93,0,1,0,273016.75,1
"Flat",83.18,4.68,0,0,0,297885.8,0
"House",199.97,5.12,0,0,0,788815.74,1
"Flat",34.48,1.71,0,0,0,130310.46,0
"Flat",68.12,6.53,0,0,1,238641.97,0
"Attached",163.81,4.76,1,1,0,657888.84,1
"Flat",77.02,6.25,0,0,1,262788.37,0
"Flat",51.54,2.21,0,0,1,209058.12,0
"Flat",78.18,0.65,0,0,0,320622.33,0
"House",189.83,3.96,0,0,0,763863.92,1
"House",194.94,6.21,0,1,1,781140,0
"House",174.98,2.19,1,0,0,709709.62,1
"Attached",136.41,0.9,1,0,0,547897.76,1
"Attached",95.58,0.76,0,1,0,415068.14,0
"Flat",43.93,0.77,0,1,0,221100.22,0
"Flat",55.99,7.49,0,1,1,183773.57,1
"Flat",92.25,1.61,0,0,0,364629.78,0
"Flat",63.98,5.63,0,0,0,217234.33,0
"Flat",37.69,0.88,0,0,0,153215.83,1
"House",148.23,7.75,0,1,0,585052.24,0
"Flat",133.35,1.29,0,1,1,575571.59,1
"Flat",50.01,6.77,0,1,0,188292.07,0
"Attached",119.31,1.07,1,0,1,483084.29,0
"Flat",115.46,1.36,0,0,1,433755.55,1
"Flat",78.92,0.65,0,0,0,318208.53,0
"Flat",58.09,7.52,0,1,0,191228.81,1
"House",156.91,1.39,1,0,1,645490.9,1
"House",156.49,3.22,0,1,1,683840.37,0
"House",207.5,2.03,0,0,0,860917.7,0
"Attached",43.71,0.9,0,0,0,198356.99,1
"Attached",146.32,3.84,0,0,0,562066.04,1
"Flat",87.51,0.97,0,0,0,362648.07,0
"Flat",40.5,1.74,0,0,0,149386.34,1
"Flat",72.79,0.8,1,1,0,336996.54,1
"Flat",77.77,1.15,0,1,0,353741.61,0
"Flat",56.54,3.88,0,1,0,212278.34,0
"House",162.88,1.74,0,0,1,679819.62,1
"Flat",39.55,0.72,0,1,0,186608.1,1
"Flat",64.48,1.14,0,1,0,294978.74,0
"Attached",96.06,4.94,1,0,1,364882.44,1
"Flat",98.21,2.63,0,0,0,378735.52,1
"Flat",73.45,2.43,0,0,1,283814.48,1
"Flat",62.23,2.65,0,1,0,271158.93,0
"House",106.78,6.93,0,0,0,394607.46,1
"House",169.81,2.83,0,0,0,702708.23,0
"House",160.56,3.56,1,0,1,664115.36,1
"Attached",139.05,7.78,1,0,0,505119.6,0
"Attached",75.58,5.02,0,1,1,286067.48,1
"Flat",30.07,4.64,0,1,0,113045.87,1
"Flat",118.31,0.86,1,0,0,504601.39,0
"Flat",107.11,1.45,0,0,0,439921.77,0
"Flat",57.95,2.29,0,0,0,204824.75,1
"Flat",46.85,4.24,0,1,0,190097.61,1
"House",169.08,1.03,1,1,0,733436.03,0
"Flat",93.23,6.58,0,0,0,340784.19,0
"Flat",89.71,0.65,0,1,0,392107.27,1
"Attached",140.13,1.51,1,1,1,613169.41,0
"Flat",80.83,2.26,0,0,0,331589.95,1
"Flat",64.37,1.23,0,0,0,254801.95,0
"Flat",73.82,1.88,0,0,0,317660.77,0
"House",192.9,1.77,1,0,1,808048.87,0
"House",158.93,2.55,1,0,0,677945.41,0
"House",133.99,0.98,0,0,0,560226.58,0
"Attached",142.77,6.39,1,0,1,513858.85,1
"Attached",123,1.47,0,0,0,516792.25,0
"Flat",97.86,3.32,0,1,0,404168.43,0
"Flat",102.1,1.94,0,1,0,430270.45,0
"Flat",57.56,3.51,0,1,0,224831.67,1
"Flat",105.87,1.9,0,0,0,415726.88,0
"Flat",122.35,6.95,1,0,0,436426.01,0
"House",215.46,3.47,1,1,0,893848.75,0
"Flat",74.76,3.77,0,0,0,275830.79,0
"Flat",79.71,6.2,0,0,0,279573.36,1
"Attached",116.15,5.15,0,0,0,447207.06,0
"Flat",54.97,6.97,0,0,1,179111.44,0
"Flat",107.59,5.74,0,0,0,389305.79,1
"Flat",75.01,3.35,0,1,0,290735.7,1
"House",156.49,6.62,1,0,0,611350.66,0
"House",200.74,2.31,0,0,0,836836.21,0
"House",127.94,0.79,0,0,0,543620.46,1
"Attached",109.8,0.76,1,0,1,459185,0
"Attached",124.38,2.16,0,0,0,509480.15,0
"Flat",57.79,3.5,0,0,1,188839.15,1
"Flat",35.33,1.89,0,0,1,129636.14,0
"Flat",66.47,6.65,0,1,0,231129.13,0
"Flat",46.23,7.22,0,0,0,116526.78,1
"Flat",92.97,5.53,0,1,0,353553.77,1
"House",166.54,0.89,1,1,0,722450.92,1
"Flat",68.9,4.25,0,0,1,233500.76,1
"Flat",91.96,0.73,0,1,0,405056.89,0
"Attached",102.05,1.95,0,0,0,425951.7,0
"Flat",117.54,4.69,1,0,0,442724.21,1
"Flat",53.13,4.5,0,1,0,199994.62,1
"Flat",52.7,1.39,0,0,1,208697.34,0
"House",172.16,4.28,0,0,0,663321.07,1
"House",225.02,7.22,1,1,1,915500.48,0
"House",203.68,0.71,1,1,1,886150.18,0
"Attached",159.33,2.93,1,0,0,631883.09,0
"Attached",131.59,1.1,1,0,0,545624.94,0
"Flat",78.14,0.94,0,0,0,321701.29,1
"Flat",36.57,4.82,0,0,0,109497.45,1
"Flat",94.14,4.47,0,0,0,332950.74,0
"Flat",47.68,6.86,0,0,0,139408.79,1
"Flat",74.08,3.36,0,1,0,309814.69,0
"House",176.88,1.25,1,0,1,767512.64,0
"Flat",33.7,2.93,0,0,0,105112.56,1
"Flat",99.07,6.22,0,1,0,371870.94,0
"Attached",125.95,1.02,1,0,1,511825.79,1
"Flat",117.08,7.84,0,0,0,407546.11,0
"Flat",41.22,1.75,0,1,0,197727.82,0
"Flat",115.17,0.95,0,0,0,471881.1,1
"House",183.19,7.21,1,0,1,686838.65,1
"House",117.92,1.48,0,1,0,524504.41,0
"House",143.32,1.66,0,1,1,624671.39,0
"Attached",140.37,6.36,1,0,0,520753.47,0
"Attached",129.6,1.17,0,0,0,537437.95,0
"Flat",84.86,3.72,0,1,1,361039.56,0
"Flat",57.63,3.44,1,1,0,217855.97,1
"Flat",97.65,0.7,0,0,1,410234.03,0
"Flat",72.88,4.19,0,0,0,282552.87,0
"Flat",72.62,4.1,0,0,1,269580.66,1
"House",138.02,6.4,0,1,1,563225.96,1
"Flat",42.54,1.9,0,1,0,188943.97,0
"Flat",89.79,1.08,0,1,1,383472.02,1
"Attached",77.01,2.68,0,0,1,330754.73,0
"Flat",79.8,2.75,0,0,0,318184.93,0
"Flat",73.92,4.08,0,0,0,266037.1,0
"Flat",84.21,1.07,0,0,0,351711.99,0
"House",145.95,2.03,1,0,1,596540.68,0
"House",136.11,5,0,0,0,523049.98,1
"House",180.79,0.73,0,0,0,753143,0
"Attached",85.65,2.41,0,0,0,348627.51,0
"Attached",97.73,2.47,1,0,1,395121.86,1
"Flat",49.11,1.69,0,0,0,193818.71,1
"Flat",81.86,1.06,0,0,1,321945.45,0
"Flat",70.03,3.05,0,0,0,265264.67,1
"Flat",49.92,6.29,0,0,0,163711.59,0
"Flat",114.29,2.61,0,1,0,477706.7,1
"House",171.73,4.6,1,1,1,706626.36,0
"Flat",84.67,4.1,0,0,0,304652.93,1
"Flat",71.29,3.58,0,0,0,267050.6,1
"Attached",59.4,0.81,1,0,1,251384.2,0
"Flat",72.71,1.86,0,0,0,292672.16,0
"Flat",85.04,1.7,0,0,0,322737.86,1
"Flat",72.07,3.01,0,1,0,296089.41,1
"House",171.75,5.78,0,1,0,699274.34,1
"House",123.05,6.64,0,1,1,514767.53,0
"House",114.1,5.47,0,1,1,470973.62,1
"Attached",43.65,7.12,0,1,0,166825.31,0
"Attached",57.72,6.94,0,0,0,181282.81,1
"Flat",54.74,6.07,0,0,0,175993.15,0
"Flat",73.94,1.55,0,1,0,335840.39,0
"Flat",50.31,4.62,0,0,0,161498.08,0
"Flat",82.32,1.57,0,1,0,359953.56,1
"Flat",66.64,6.36,0,1,0,245905.8,0
"House",130.78,5.47,0,0,0,503805.25,1
"Flat",86.54,6.91,0,0,0,289210.01,1
"Flat",61.46,0.82,0,1,0,275829.55,0
"Attached",105.66,2.21,0,0,0,446106.59,1
"Flat",93.62,2.7,0,0,0,372734.4,0
"Flat",107.03,4.99,0,1,0,431703.91,0
"Flat",82.14,6.52,0,0,0,289137.6,0
"House",114.3,4.63,0,0,0,456257.96,1
"House",192.74,3.18,1,0,1,777657.31,0
"House",133.97,6.52,1,0,1,515945.02,1
"Attached",136.49,0.71,0,0,0,561681.33,0
"Attached",117.13,5.65,1,0,1,442064.27,0
"Flat",70.77,4.82,0,0,0,251304.04,0
"Flat",85.39,6.4,0,0,0,291135.04,1
"Flat",37.67,4.85,0,0,0,139526.52,0
"Flat",49.01,4.11,0,1,0,191297.08,0
"Flat",102.39,4.7,0,0,0,372746.09,1
"House",176.55,3.66,0,1,0,732307.87,1
"Flat",65.88,4.35,0,0,0,241063.65,0
"Flat",99.45,1.34,0,0,0,393698.07,1
"Attached",102.6,2.51,0,1,0,447562.03,0
"Flat",41.12,4.12,0,0,0,140201.01,1
"Flat",111.43,4.66,0,0,0,421101.95,0
"Flat",74.18,1.91,0,0,0,289542.31,0
"House",208.49,3.16,1,1,1,872740.58,0
"House",150.84,6.83,0,0,0,587607.59,0
"House",217.07,0.72,1,0,1,895859.58,1
"Attached",104.6,4.92,1,1,1,429623.54,1
"Attached",97.91,4.5,0,1,0,382466.61,1
"Flat",71.09,1.67,0,1,0,303237.89,0
"Flat",111.63,5.95,0,0,0,399610.3,1
"Flat",93.07,6.43,0,0,0,313428.79,1
"Flat",77.24,1.16,0,1,0,336101.24,1
"Flat",80.66,0.93,0,0,0,306950.95,1
"House",147.61,1.06,1,1,0,651174.57,1
"Flat",88.43,3.49,1,1,1,359139.55,1
"Flat",52.65,0.73,0,1,0,253494.57,0
"Attached",75.1,1.74,0,0,1,315645.88,0
"Flat",64.21,4.62,0,0,0,220079.7,0
"Flat",46.47,4.84,0,1,1,180630,0
"Flat",70.64,2.93,0,1,0,300855.84,1
"House",127.34,3.46,0,1,0,555626.05,0
"House",158.7,3.15,1,0,0,662219.27,0
"House",179.38,4.31,0,0,0,738062.45,0
"Attached",55.18,0.82,0,1,0,260782.64,1
"Attached",117.68,1.86,0,1,0,510790.04,1
"Flat",49.28,1.07,0,0,0,185965.03,0
"Flat",103.84,4.74,0,1,0,408741.98,1
"Flat",62.46,6.02,0,1,0,232673.2,1
"Flat",112.93,0.91,1,1,1,462664.4,1
"Flat",116.79,3.45,1,0,1,465955.64,0
"House",180.06,4.08,0,0,0,722381.22,0
"Flat",25.64,2.52,0,0,1,83262.38,1
"Flat",65.78,1.19,0,0,0,281423.43,1
"Attached",134.46,6.47,1,1,1,539304.6,0
"Flat",80.21,3.37,0,1,1,317736,0
"Flat",111.51,2.16,0,0,0,454694.19,0
"Flat",48.84,0.85,0,1,0,231063.61,0
"House",196.66,0.8,1,0,0,805991.9,1
"House",214.9,6.81,1,0,0,824640.24,1
"House",173.43,0.96,1,0,1,711349.88,1
"Attached",108.61,3.04,1,1,0,455051.66,1
"Attached",96.16,1.86,0,0,0,404764.18,0
"Flat",76.88,2,0,1,0,331706.5,0
"Flat",42.12,6.51,0,0,1,103555.48,1
"Flat",72.11,5.74,0,1,0,276974.49,0
"Flat",98.15,4.02,1,1,1,386312.54,1
"Flat",55.13,6.02,0,0,0,182328.43,0
"House",157.83,0.85,0,0,0,666813.59,1
"Flat",115.97,4.32,0,0,0,436726.71,1
"Flat",92.54,2.29,0,1,0,378620.64,1
"Attached",161.98,2.04,0,0,0,651259.01,0
"Flat",82.3,2.33,0,0,0,321447.43,0
"Flat",71.73,1.62,0,0,0,291926.63,0
"Flat",72.55,7.29,0,0,0,234144.31,0
"House",140.06,7.21,1,0,0,542908.52,1
"House",191.23,4.05,0,0,0,755719.68,0
"House",152.94,1.63,0,0,0,654380.66,0
"Attached",137.04,6.57,1,1,1,540035.39,0
"Attached",85.24,4.89,0,1,1,351583.01,0
"Flat",74.2,4.6,0,0,1,252257.59,1
"Flat",43.14,1.06,0,1,1,220903.19,0
"Flat",10.41,3.32,0,1,0,69159.05,0
"Flat",37.81,5.79,0,1,1,135269.34,0
"Flat",55.33,3.24,0,1,0,231125.93,0
"House",127.15,2.59,0,0,1,517058.58,0
"Flat",115.42,4.67,0,1,0,454149.91,0
"Flat",71.43,2.12,0,0,0,269577.55,1
"Attached",138,5.56,1,0,0,526875.75,0
"Flat",106.69,5.88,0,1,0,407941.92,0
"Flat",76.92,1.5,0,0,0,290380.48,1
"Flat",55.74,5.13,0,0,0,202172.27,1
"House",192.67,3.99,1,1,0,798379.84,0
"House",164.99,0.69,1,0,0,704708.28,1
"House",191.99,1.3,1,0,1,808254.81,0
"Attached",103.72,3.52,0,0,0,389410.77,0
"Attached",100.19,5.79,1,0,0,365479.29,1
"Flat",84.37,2.14,0,0,1,325802.87,0
"Flat",46.81,4.94,0,0,0,165763.87,0
"Flat",94.75,1.59,0,0,0,376844.61,0
"Flat",81.49,3.85,0,0,1,300148.42,0
"Flat",51.39,1.45,0,0,0,218324.01,0
"House",78.24,3.58,0,0,1,327450.02,1
"Flat",64.18,3.35,0,1,1,253010.01,0
"Flat",114.37,5.17,0,0,0,447082.23,1
"Attached",109.78,1.12,0,1,1,483159.66,0
"Flat",68.67,1.51,0,1,0,275596.7,1
"Flat",70.99,3.25,0,1,0,290380.43,0
"Flat",96.12,5.81,0,1,0,369603.56,0
"House",140.82,2.75,0,0,0,585664.59,1
"House",192.51,0.89,1,0,1,823504.63,0
"House",136.8,4.03,0,0,0,556868.4,1
"Attached",105.56,2.35,0,0,0,429369.03,1
"Attached",106.59,1.23,0,1,0,479780.9,0
"Flat",98.73,2.53,0,1,1,404060.2,1
"Flat",51.5,3.97,0,1,0,222781.08,0
"Flat",83.77,7,0,0,0,279901.98,1
"Flat",64.07,1.24,0,0,0,251333.79,0
"Flat",46.96,2.44,0,1,0,227940.68,0
"House",128.17,1.34,1,1,1,572943.03,0
"Flat",66.89,1.32,0,0,0,266267.22,0
"Flat",64.96,4.23,0,0,0,237484.44,0
"Attached",69.56,6.65,0,1,0,256775.41,0
"Flat",119.76,4.76,1,0,1,446389.93,0
"Flat",56.23,4.24,0,0,0,198452.22,0
"Flat",83.92,2.05,0,0,0,317232.68,1
"House",135.39,3.67,0,0,0,547943.21,1
"House",139.19,1.15,0,1,0,611792.79,1
"House",136.86,3.22,0,1,0,583042.92,0
"Attached",131.87,0.71,1,1,1,580637.62,0
"Attached",120.2,0.82,1,1,0,508357.52,1
"Flat",33.88,3.82,0,1,1,126533.85,1
"Flat",43.41,4.09,0,1,0,170796.93,1
"Flat",64.99,3.38,0,1,0,267656.33,0
"Flat",90.42,5.59,0,1,0,319231.3,1
"Flat",101.62,5.13,0,0,0,377347.72,0
"House",144.23,4.91,0,0,1,564863.82,0
"Flat",57.77,5.62,0,1,0,221592.5,1
"Flat",93.13,4.45,0,0,0,328314.94,1
"Attached",113.73,1.16,0,1,0,499699.75,0
"Flat",68.28,5.84,0,0,0,238046.32,0
"Flat",55.4,3.91,0,0,0,181976.58,0
"Flat",23.63,3.54,0,1,1,91613.7,1
"House",129.82,7.41,0,0,0,490657.24,0
"House",186.73,1.59,1,0,1,783866.66,0
"House",139.24,2.98,1,1,0,593754.34,0
"Attached",71.62,2.78,0,0,0,277093.82,1
"Attached",98.57,2.77,0,0,1,396780.84,1
"Flat",104.23,0.8,0,0,0,419072.5,1
"Flat",111.48,4.9,0,0,0,412693.5,0
"Flat",106.21,1.27,0,0,0,419153.14,1
"Flat",74.89,1.95,0,1,1,326215.52,0
"Flat",101.33,0.97,0,1,0,453974.55,0
"House",183.35,0.92,1,0,0,753462.61,1
"Flat",119.68,0.67,0,0,0,493374.2,0
"Flat",89.13,0.87,0,0,0,360754.25,0
"Attached",85.5,3.49,0,0,0,351621.97,0
"Flat",78.46,7.53,1,1,0,282056.07,0
"Flat",86.04,3.42,0,1,0,349272.28,0
"Flat",75.78,5.38,0,1,0,284588.58,0
"House",165.64,1.12,1,0,0,704154.91,0
"House",132.92,5.59,1,0,0,529176.35,0
"House",171.97,4.05,0,1,1,746144.52,0
"Attached",145.54,0.94,1,0,1,609935.67,0
"Attached",45.15,3.44,0,0,1,178496.18,1
"Flat",88.27,2.78,0,0,0,334216.92,1
"Flat",103.58,4.28,0,0,0,384296.35,1
"Flat",90.91,5.31,0,0,0,339438.07,0
"Flat",119.03,2.15,0,0,1,478969.7,0
"Flat",46.18,5.91,0,1,0,177550.31,0
"House",192.4,4.27,0,0,0,749912.01,1
"Flat",48.17,4.44,0,0,0,153380.24,0
"Flat",97.28,4.97,0,0,0,364891.89,0
"Attached",141.05,7.55,1,0,0,532788.11,0
"Flat",40.18,3.23,0,1,0,178603.14,1
"Flat",110.14,3.75,0,0,0,405803.99,1
"Flat",111.81,4.77,0,1,0,432264.82,0
"House",120.7,5.09,1,1,0,496025.58,0
"House",178.71,4.24,1,1,0,743306.81,1
"House",155.34,4.7,1,0,0,627474.53,0
"Attached",120.17,7.18,1,1,1,450546.04,0
"Attached",126.46,1.17,0,0,0,524048.03,0
"Flat",102.99,7.4,0,0,0,338554.97,1
"Flat",102.88,4.59,0,0,0,395404.91,0
"Flat",60.67,1.85,0,1,1,272012.64,0
"Flat",143.62,2.21,1,1,0,583156.49,1
"Flat",83.25,7.07,0,1,1,302861.61,0
"House",166.74,5.13,1,0,0,671434.99,0
"Flat",88,7.77,0,0,0,295102.36,0
"Flat",83.72,7.59,0,1,0,301917.21,0
"Attached",109.1,0.83,0,1,0,481326.23,0
"Flat",61.01,1.63,0,0,0,247503.65,0
"Flat",86.6,4.61,0,1,0,344809.04,0
"Flat",48.01,6.81,0,0,0,119494.63,0
"House",194.14,0.71,1,1,1,827926.18,0
"House",114.61,5.17,0,0,1,459797.94,0
"House",203.92,5.15,1,0,0,829633.65,0
"Attached",80.49,6.71,0,1,0,302353.62,1
"Attached",127.46,1.11,0,0,1,520835.04,1
"Flat",43.07,6.98,0,0,0,108547.79,0
"Flat",74.25,3.81,0,0,0,297846.19,0
"Flat",40.43,5.7,0,0,0,95631.36,1
"Flat",79.29,1.34,0,1,0,355683.18,1
"Flat",61.7,2.15,0,1,1,295276.44,0
"House",142.58,1.92,1,0,0,595781.79,0
"Flat",77.02,5.24,0,1,0,282385.66,1
"Flat",62.12,6.88,0,0,0,197256.08,1
"Attached",94.88,1.8,1,1,0,421834.04,0
"Flat",88.06,0.73,0,0,0,373667.34,0
"Flat",142.72,2.11,0,1,0,599412.67,0
"Flat",95.37,1.3,0,0,0,399142.98,0
"House",135.95,3.81,1,0,0,546265.71,1
"House",170.37,6.58,0,0,0,649194.48,1
"House",177.34,0.7,1,1,0,767391.57,0
"Attached",150.58,2.92,0,0,0,595232.85,1
"Attached",68.19,1.62,1,0,0,288849.93,0
"Flat",48.25,3.44,0,1,1,194293.75,0
"Flat",53.48,4.57,0,1,0,197079.53,1
"Flat",82.34,1.38,0,1,0,365152.54,0
"Flat",108.34,7.5,0,1,0,407910.96,1
"Flat",73.65,3.15,0,1,0,300667.87,0
"House",176.54,3.45,0,0,0,741213.18,0
"Flat",55.79,4.38,0,0,0,214629.6,0
"Flat",63.83,6.47,0,1,0,234100.29,0
"Attached",128.68,1.6,1,0,1,530880.92,0
"Flat",67.44,2.17,0,0,0,273389.18,0
"Flat",54.78,1.07,0,1,0,251656.93,1
"Flat",79.38,5.35,0,0,0,283315.32,0
"House",194.35,6.88,1,1,0,780488.56,1
"House",179.1,7.31,1,0,0,679907.07,0
"House",166.32,4.69,0,0,1,666877.24,0
"Attached",75.92,4.21,1,1,0,301664.08,0
"Attached",118.41,4.02,0,1,0,493046.86,1
"Flat",72.07,1.28,0,0,0,290870.38,1
"Flat",76.74,0.95,0,0,0,308114.2,0
"Flat",139.4,3.83,0,0,0,533145.04,0
"Flat",52.84,1.1,0,1,0,235364.51,0
"Flat",73.68,6.75,0,0,0,246947.13,0
"House",188.8,2.08,1,0,0,794889.61,0
"Flat",112.99,2.6,1,0,0,428566.32,1
"Flat",37.65,1.56,0,0,0,146791.75,0
"Attached",114.8,5.5,1,0,0,409901.93,1
"Flat",82.11,2.79,0,0,1,313306.58,1
"Flat",73.48,7.66,0,0,0,225120.11,1
"Flat",117.19,1.6,0,1,0,496932.42,0
"House",122.48,4.36,0,0,0,477143.12,1
"House",160.16,1.68,0,0,0,661568.08,0
"House",158.4,2.64,0,0,0,649061.81,0
"Attached",132.05,1.31,0,1,0,569010.3,0
"Attached",107.5,5.43,0,0,1,411679.25,0
"Flat",87.95,7.65,0,1,0,301273.67,1
"Flat",88.99,4.73,0,1,0,345297.87,0
"Flat",63.1,3.55,0,1,0,255071.03,0
"Flat",95.39,6.64,0,1,1,353844.8,0
"Flat",73.73,7,0,0,0,232410.94,1
"House",158.89,4.76,1,0,0,646162.87,0
"Flat",90.04,2.86,0,1,0,385902.61,0
"Flat",39.06,7.06,0,0,0,92379.84,1
"Attached",95.33,0.92,1,1,0,426119.98,0
"Flat",49.37,3.24,0,0,0,200293.26,0
"Flat",80.79,5.2,0,0,0,291475.37,1
"Flat",35.19,2.64,0,1,0,133657.18,0
"House",132.38,4.33,1,0,0,545966.93,0
"House",199.63,4.03,0,0,0,807942.51,0
"House",155.39,1.43,0,0,1,627225.5,1
"Attached",87.49,1.34,1,0,0,352773.61,0
"Attached",132.2,3.31,1,1,1,542351.76,0
"Flat",91.57,1.37,0,0,0,373983.36,0
"Flat",110.32,1.38,0,1,0,471771.4,0
"Flat",41.29,6.66,0,0,0,113418.41,0
"Flat",83.81,4.69,0,1,1,333862.58,0
"Flat",96.59,5.91,0,1,0,366543.28,1
"House",183.85,3.16,1,1,0,773057.12,0
"Flat",93.17,5.08,0,1,0,355545.22,1
"Flat",73.1,7.78,0,0,0,229482.43,1
"Attached",114.43,7.47,0,1,1,436978.33,1
"Flat",75.27,3.03,0,1,0,308024.57,0
"Flat",83.66,7.83,0,1,0,310204.71,0
"Flat",115.53,2.14,0,1,0,481108.55,1
"House",173.04,2.18,0,0,0,712528.8,0
"House",168.43,7.01,1,0,0,639791.14,0
"House",178.2,5.64,0,0,0,691201.2,1
"Attached",107.45,2.35,0,1,0,455996.13,0
"Attached",132.7,3.68,1,0,0,510018.89,1
"Flat",84.24,5.55,0,0,1,307163.22,0
"Flat",75.88,1.58,0,0,0,288210.72,0
"Flat",90.67,0.65,0,1,1,396703.99,0
"Flat",93.79,5.52,1,0,0,351082.24,0
"Flat",74.96,1.26,0,0,0,306866.2,1
"House",157.61,1.95,1,1,1,682672.99,0
"Flat",109.88,4.55,0,1,0,433255.01,0
"Flat",90.9,2.37,0,0,0,357264.29,0
"Attached",23.98,6.98,0,0,0,56607.73,0
"Flat",86.69,2.2,0,1,0,365200.95,0
"Flat",103.12,4.79,0,0,0,376463,0
"Flat",50.83,7.3,0,0,1,158254.71,0
"House",162.02,3.36,1,0,1,658218.7,0
"House",122.67,0.83,0,1,0,562251.45,0
"House",131.58,6.5,0,0,1,503053.51,1
"Attached",102.81,3.75,0,0,0,388474.78,1
"Attached",97,2.11,1,1,1,427957.83,0
"Flat",138.85,3.22,0,0,0,546662.05,0
"Flat",96.31,3.46,0,0,0,368830.74,1
"Flat",41.64,7.22,0,0,0,116522.61,1
"Flat",82.95,1.62,0,0,1,320258.09,1
"Flat",94.11,4.1,0,0,0,362587.47,0
"House",121.44,1.56,0,1,0,531034.92,0
"Flat",71.42,3.85,0,0,0,279308.75,0
"Flat",34.27,6.14,0,0,0,90800.59,1
"Attached",121.17,6.4,0,0,0,436906.66,1
"Flat",86.29,3.28,0,0,0,339020.97,1
"Flat",72.03,4.6,0,1,0,291416.44,1
"Flat",36.85,7.63,0,0,1,85857.82,1
"House",166.26,5.6,1,1,1,671677.88,0
"House",208.25,2.1,1,1,1,879405.24,1
"House",220.72,1.12,1,1,1,954974.79,0
"Attached",72.33,1.23,0,0,0,285316.39,1
"Attached",126.22,1.14,1,0,1,511888.77,1
"Flat",45.72,1.33,0,0,0,170128.93,1
"Flat",89.14,4.07,0,1,0,367389.36,0
"Flat",87.96,1.18,0,0,0,336285.26,0
"Flat",124.37,1.53,0,1,1,519731.82,0
"Flat",95.05,1.54,0,0,0,385981.8,0
"House",156.78,1.28,0,1,0,682031.12,0
"Flat",65.52,0.65,0,0,0,272562.08,1
"Flat",94.76,6.25,1,0,0,324853.85,0
"Attached",95,2.13,1,0,0,384850.12,0
"Flat",48.92,2.37,0,1,0,217569.07,0
"Flat",31.59,1.64,0,0,0,138986.57,0
"Flat",41.27,6.12,0,0,0,111434.65,1
"House",121.38,1.62,0,1,0,537848.48,0
"House",148.87,2.94,0,0,0,599880.1,1
"House",142.16,5.5,0,1,0,595877,0
"Attached",157.11,1.15,0,1,0,671710.09,0
"Attached",109.18,0.69,0,1,1,494538.71,0
"Flat",48.62,2.44,0,0,0,171990.81,0
"Flat",50.05,5.24,0,0,0,142568.73,0
"Flat",78.37,5.73,0,0,0,275886.27,1
"Flat",100.56,0.72,1,1,1,422037.39,1
"Flat",70.97,5.63,0,1,0,257939.9,1
"House",95.39,6.76,0,0,0,360365.71,1
"Flat",104.92,3.36,0,1,0,417230.3,0
"Flat",81.4,1.53,0,0,0,325209.8,1
"Attached",106.43,5.88,1,0,1,379435.28,0
"Flat",53.75,2.41,0,1,0,227492.42,0
"Flat",106.24,2.04,0,1,0,430187.22,0
"Flat",138.82,3.13,0,1,0,569028.51,0
"House",173.32,4.42,1,0,0,700149.88,0
"House",136.58,7.63,0,0,0,519240.51,1
"House",199.77,4.79,1,1,0,821771.91,0
"Attached",140.1,3.95,1,1,0,577603.72,0
"Attached",93.94,0.71,0,0,0,388943.33,0
"Flat",38.44,5.62,0,1,0,121472.49,0
"Flat",107.34,0.68,0,0,1,436867.53,1
"Flat",99.11,5.84,0,0,1,362538.28,0
"Flat",57.76,1.85,0,0,0,236600.67,0
"Flat",96.12,3.51,0,1,0,376010.63,1
"House",136.68,7.83,0,0,0,520111.32,1
"Flat",67.1,1.36,0,0,0,261377.93,0
"Flat",58.74,0.69,0,0,0,223486.59,1
"Attached",116.14,5.22,0,0,0,431842.15,1
"Flat",72.84,1.57,0,0,0,296618.91,1
"Flat",46.04,5.49,0,0,0,154411.59,0
"Flat",69.79,1.53,0,1,0,313146.35,1
"House",165.52,0.96,1,0,1,717360.98,0
"House",119.03,1.01,1,0,1,494584.89,1
"House",173.16,1.79,1,0,0,726833.23,0
"Attached",90.97,0.95,0,0,0,378315.11,0
"Attached",112.76,3.16,1,1,0,470686.71,1
"Flat",101.4,5.81,0,1,1,385475.38,1
"Flat",39.59,5.63,0,1,0,137408.96,1
"Flat",129.15,3.43,0,0,0,496873.04,1
"Flat",101.58,4.97,0,1,0,399432.99,0
"Flat",75.14,1.26,0,1,1,353698.89,0
"House",141.35,7.64,0,0,0,515701.64,1
"Flat",68.97,4.98,0,0,0,220410.16,1
"Flat",121.21,2.89,0,0,0,456609.26,1
"Attached",136.49,6.7,1,0,1,511154.03,0
"Flat",42.61,5.99,0,0,0,139773.46,1
"Flat",33.27,2.09,0,1,0,152888.86,1
"Flat",109.57,0.77,0,0,0,443671.07,1
"House",187.86,4.13,1,0,1,752604.75,0
"House",166.59,3.24,0,1,0,716892.56,0
"House",174.22,2.75,1,0,1,713198.58,1
"Attached",107.86,1.44,1,1,0,462270.86,1
"Attached",159.67,1.04,1,0,1,651115.66,0
"Flat",61.16,1.33,0,1,1,277423.76,0
"Flat",36.09,5.19,0,1,1,132449.47,0
"Flat",80.02,4.31,0,1,0,294176.62,1
"Flat",52.4,2.01,1,0,0,198327.13,1
"Flat",88.24,1.32,0,0,0,369750.64,0
"House",142.96,5.72,0,1,0,578977.83,1
"Flat",104.99,4.88,0,1,0,395462.46,1
"Flat",98.34,1.78,1,0,0,384695.43,1
"Attached",125.23,5.33,1,1,0,490417.57,1
"Flat",108.64,1.21,0,0,1,447997.37,0
"Flat",90.46,2.43,0,0,1,359314.89,0
"Flat",109.34,2.25,0,0,0,429087.11,1
"House",183.29,1.5,1,0,1,764530.76,0
"House",143.54,3.54,1,1,1,608226.95,0
"House",161.77,1.17,0,0,0,681698.65,0
"Attached",112.35,5.45,0,0,0,411052.65,1
"Attached",129.03,2.83,1,0,1,526823.6,0
"Flat",90.16,5.02,0,0,0,323065.85,0
"Flat",91.97,7.54,1,1,1,343766.83,1
"Flat",104.2,2.64,0,0,0,396408.32,1
"Flat",86.58,1.07,0,1,0,378318.39,0
"Flat",93.99,1.74,0,0,0,376351.4,1
"House",140.49,1.52,1,1,1,630146.97,1
"Flat",56.04,5.23,0,0,1,190169.02,0
"Flat",93.26,1.16,1,1,0,406763.03,0
"Attached",116.24,6.18,1,1,1,452162.95,0
"Flat",104.59,0.99,0,0,0,426982,1
"Flat",46.71,5.41,0,0,0,135691.19,1
"Flat",60.1,6.24,0,0,0,190369.01,0
"House",136.16,1.33,1,1,0,618325.16,0
"House",185.75,5.67,1,0,1,734676.88,0
"House",198.07,4.38,1,0,0,795683.66,0
"Attached",109.09,1.46,1,0,0,433888.01,0
"Attached",177.9,1.05,1,1,1,759175.7,0
"Flat",101.47,2.51,0,1,0,418676.1,0
"Flat",102.67,1.04,0,1,0,439530.97,1
"Flat",86.51,1.84,0,0,0,357877.09,0
"Flat",112.93,0.92,0,0,0,456238.33,1
"Flat",112.04,6.74,0,1,0,428049.77,0
"House",155.09,6.64,0,0,0,594043.46,1
"Flat",98.09,1.15,0,0,0,406487.48,0
"Flat",70.34,2.01,0,1,0,298807.67,1
"Attached",82.96,5.61,0,1,0,334013.93,0
"Flat",48.16,4.66,0,0,0,164044.7,1
"Flat",58.48,1.81,0,0,0,251725.96,1
"Flat",92.4,0.91,0,0,0,363025.66,0
"House",177.42,1.67,1,0,1,736803.44,0
"House",187.72,1.86,1,1,0,784871.23,1
"House",127.8,0.99,0,0,0,544487.96,0
"Attached",99.26,2.55,0,1,0,433064.79,0
"Attached",66.1,4.19,0,1,0,280919.19,0
"Flat",93.94,1.07,0,0,0,360316.33,1
"Flat",63.34,4.65,0,0,0,218323.96,1
"Flat",76.06,1.65,0,0,0,287627.48,0
"Flat",67.58,1.59,0,1,0,290842.53,1
"Flat",73.2,4.22,0,0,0,270698.77,1
"House",138.75,7.17,1,0,1,535964.36,0
"Flat",96.48,5.71,0,1,0,349980.53,1
"Flat",25.85,5.9,0,1,1,102459.65,0
"Attached",80.34,6.33,0,1,1,302943.51,1
"Flat",132.55,1.39,1,1,0,557637.68,1
"Flat",60.07,1.02,0,0,0,238271.4,1
"Flat",68.19,4.74,0,0,0,233701.75,0
"House",148.09,7.22,1,0,0,557282.03,1
"House",188.15,3.16,0,0,1,756331.38,1
"House",164.82,1.05,0,0,1,706938.16,1
"Attached",133.77,7.41,1,1,0,481000.7,1
"Attached",69.47,1.44,0,1,0,310944.83,1
"Flat",73.78,3.05,0,0,0,298038.72,0
"Flat",64.96,5.24,0,1,0,244435.16,0
"Flat",98.75,0.74,1,1,0,426504.22,0
"Flat",105.23,6.14,0,0,0,383069.73,0
"Flat",78.3,1.37,0,0,0,311275.81,0
"House",165.75,0.65,1,0,0,702060.8,0
"Flat",78.64,0.91,0,0,0,312842.87,1
"Flat",70.06,5.56,0,1,0,274792.57,0
"Attached",41.59,0.77,0,1,0,197366.11,1
"Flat",85.35,0.72,0,0,0,341879.25,1
"Flat",78,4.33,0,0,0,295822.15,0
"Flat",88.16,3.4,0,0,0,332819.8,0
"House",164.95,2.47,1,1,1,691144.36,1
"House",162.28,6.2,0,1,0,662705.43,1
"House",181.64,3.8,1,0,1,719265.28,0
"Attached",105.08,0.83,0,1,0,447299.97,1
"Attached",79.27,5.2,0,0,0,291218.1,0
"Flat",48.86,5.87,0,0,0,157933.5,0
"Flat",71.99,6.19,0,0,0,233101.23,1
"Flat",117.02,2.7,0,0,0,467234.27,0
"Flat",63.32,0.68,0,0,0,246600.51,0
"Flat",87.53,4.99,0,0,0,310923.91,1
"House",153.16,7.45,0,0,0,576135.76,1
"Flat",96.43,1.21,0,0,0,389278.89,1
"Flat",90.84,3.53,0,0,0,350368.64,0
"Attached",84.46,1.28,1,1,1,382388.83,0
"Flat",116.09,1.73,0,0,0,477764.02,0
"Flat",76.33,1.38,0,0,1,308974.88,1
"Flat",95.06,3.83,0,0,0,350470.29,0
"House",140.76,3.35,0,0,0,572411.37,0
"House",219.61,7.25,0,0,0,855607.15,1
"House",169.46,1.14,1,0,0,714329.04,0
"Attached",133.08,6.97,1,1,0,519203.51,0
"Attached",166.55,5.34,0,0,0,636206.59,0
"Flat",54.57,4.43,0,0,1,178041.2,0
"Flat",67.46,3.49,0,1,0,262037.53,1
"Flat",94.09,3.97,0,0,1,365291.04,0
"Flat",88.7,1.85,0,1,1,382627.88,0
"Flat",72.74,0.74,1,1,0,324054.04,0
"House",145.18,4.76,0,0,0,602209.95,0
"Flat",37.2,5.17,0,0,0,128284.54,0
"Flat",126.85,4.8,0,1,1,494381.05,0
"Attached",120.09,2.93,1,1,1,504974.6,0
"Flat",50.07,5.68,0,0,0,148766.5,1
"Flat",86.53,1.37,0,1,0,379767.71,1
"Flat",29.41,5.26,0,0,0,73417.01,1
"House",151.89,3.23,1,0,1,629962.73,0
"House",135.35,4.56,1,1,0,570972.54,1
"House",175.9,2.97,1,0,0,745615.05,0
"Attached",44.32,1.63,0,1,1,225942.44,0
"Attached",61.42,1.1,0,0,0,275622.47,0
"Flat",97.04,3.84,0,1,1,396554.13,0
"Flat",86.53,4.06,0,0,1,291566.2,1
"Flat",98.22,1.89,0,0,0,379811.24,1
"Flat",88.84,6.94,0,1,0,342428.65,0
"Flat",49.98,7.81,0,0,0,138488.61,0
"House",166.49,7.76,1,1,0,665462.31,1
"Flat",96.69,1.75,0,0,0,384085.59,0
"Flat",65.01,4.51,0,0,0,230150.83,0
"Attached",130.65,5.7,1,0,0,482306.27,1
"Flat",55.58,0.68,0,0,0,213667.97,1
"Flat",56.63,0.73,0,0,0,219253.37,1
"Flat",70.27,2.58,0,0,0,262443.48,0
"House",168.16,6.96,1,0,0,653300.74,0
"House",126.1,3.25,1,1,1,538562.03,0
"House",168.23,6.92,1,0,0,655216.31,0
"Attached",77.75,1.87,0,1,0,350965.03,0
"Attached",96.76,1.45,1,0,1,405983.34,0
"Flat",110.5,3.04,0,0,0,436391.78,0
"Flat",97.45,3.06,0,0,0,354692.48,0
"Flat",62.41,3.93,0,1,0,244865.39,1
"Flat",50.6,7.12,0,1,0,160447.01,1
"Flat",65.82,0.76,0,1,0,293514.45,1
"House",182.93,7.61,1,0,1,690505.12,1
"Flat",74.23,2.84,0,1,0,331578.08,0
"Flat",50.33,7.66,0,0,0,136164.16,0
"Attached",137.69,1.38,1,0,0,563919.73,0
"Flat",45.94,7.52,0,0,0,115597.4,0
"Flat",82.71,7.09,0,0,1,276786.65,0
"Flat",75.12,2.32,0,0,0,269294.79,1
"House",186.09,1.15,0,0,0,776671.4,1
"House",173.31,2.87,1,0,0,708599.68,1
"House",80.64,4.29,0,0,0,320707.13,1
"Attached",87.98,4.76,1,1,0,358685.15,0
"Attached",94.79,1.28,0,1,1,417135.73,0
"Flat",64.81,3.78,0,0,0,218540.19,1
"Flat",40.64,6.65,0,1,1,136436.71,0
"Flat",20.59,4.04,0,0,0,56235.2,1
"Flat",51.91,1.41,0,0,0,202203.39,0
"Flat",59.06,1.39,0,1,0,275185.79,0
"House",161.55,2.85,1,0,1,660115.55,1
"Flat",74.38,2.12,0,0,0,297684.36,0
"Flat",72.09,3.22,0,0,0,266434.77,1
"Attached",71.79,0.76,0,0,1,316180.51,0
"Flat",40.38,1.02,0,1,0,174114.13,0
"Flat",75.57,3.45,0,1,0,296654.49,0
"Flat",102.03,6.66,0,1,0,387272.05,0
"House",169.56,2.39,1,0,1,686164.54,1
"House",130.53,3.31,1,1,0,572047.91,0
"House",111.34,5.85,0,0,0,424628.48,1
"Attached",121.81,5.81,1,0,0,473576.46,0
"Attached",68.4,5.05,1,0,0,244227.02,0
"Flat",79.26,3.59,0,1,1,318980.19,1
"Flat",70.32,0.71,0,0,0,267621.04,0
"Flat",85.96,4.69,0,0,0,329005.33,1
"Flat",83.89,1.97,0,0,1,327835.12,1
"Flat",92.92,2.63,0,0,0,366891.78,1
"House",159.24,2.11,1,0,1,676337.16,0
"Flat",43.6,3.86,0,0,0,140087.81,0
"Flat",93.45,6.73,0,1,0,362284.03,0
"Attached",94.71,1.78,0,1,0,401096.85,1
"Flat",91.78,1.64,0,0,0,379659.25,0
"Flat",87.14,1.73,0,0,0,341180.86,0
"Flat",69.23,6.58,0,0,0,238420.39,0
"House",202.71,4.08,1,0,0,825277.19,0
"House",148.5,3.14,0,0,0,610198.42,0
"House",133.94,2.52,1,0,1,572431.24,0
"Attached",124.29,6.57,0,1,1,471038.71,0
"Attached",115.47,0.85,1,1,0,490765.51,1
"Flat",65.58,3,0,1,0,285579.2,0
"Flat",70.69,1.85,0,1,0,305171.72,1
"Flat",25.65,1.21,0,1,0,130513.55,0
"Flat",91.46,1.12,0,0,0,359644.76,0
"Flat",98.67,7.02,0,1,0,362051.99,1
"House",99.74,2.56,0,1,0,438097.03,0
"Flat",30.8,2.9,0,0,0,115625.29,0
"Flat",45.42,7.78,0,0,0,132919.25,1
"Attached",99.46,4.09,1,1,1,417046.46,0
"Flat",62.05,2.64,0,0,1,223007.45,1
"Flat",92.83,1.17,0,0,1,377895.82,0
"Flat",125.53,4.14,1,1,0,505211.25,0
"House",191.15,4.31,1,0,1,772588.76,1
"House",154.72,5.81,0,0,0,580398.8,1
"House",146.65,1.17,0,0,0,621118.53,1
"Attached",138.67,0.79,1,1,1,600330.44,0
"Attached",73.06,2.92,0,1,1,317086.44,0
"Flat",67.31,2.6,0,0,0,255901.99,0
"Flat",71.9,6.38,0,0,0,253642.05,0
"Flat",94.9,0.97,0,0,0,398582.31,0
"Flat",37.65,4.41,0,0,1,104425.09,1
"Flat",26.51,0.95,0,0,1,112385.6,0
"House",169.16,1.72,0,0,1,715567.22,0
"Flat",59.42,1.68,0,0,0,250107.92,0
"Flat",45.04,5.75,0,1,0,172333.05,0
"Attached",105.61,1.01,1,1,1,449687.23,0